"user_id","computer_id","timestamp"
"U52","C34",2024-12-01 23:16:50.000
"U93","C47",2024-12-01 04:03:12.000
"U15","C8",2024-12-01 00:54:38.000
"U72","C40",2024-12-01 10:00:48.000
"U61","C49",2024-12-01 08:54:58.000
"U21","C44",2024-12-01 08:07:36.000
"U83","C19",2024-12-01 05:04:49.000
"U87","C42",2024-12-01 03:43:54.000
"U75","C41",2024-12-01 19:51:22.000
"U75","C37",2024-12-01 03:09:55.000
"U88","C6",2024-12-01 21:29:57.000
"U100","C26",2024-12-01 15:21:42.000
"U24","C34",2024-12-01 01:09:25.000
"U3","C45",2024-12-01 01:05:05.000
"U22","C6",2024-12-01 03:24:40.000
"U53","C37",2024-12-01 07:57:37.000
"U2","C33",2024-12-01 08:28:15.000
"U88","C22",2024-12-01 18:23:57.000
"U30","C21",2024-12-01 21:55:07.000
"U38","C6",2024-12-01 00:57:58.000
"U2","C6",2024-12-01 20:26:03.000
"U64","C48",2024-12-01 07:14:22.000
"U60","C4",2024-12-01 23:39:41.000
"U21","C30",2024-12-01 19:50:26.000
"U33","C11",2024-12-01 15:16:27.000
"U76","C30",2024-12-01 08:01:33.000
"U58","C31",2024-12-01 16:21:18.000
"U22","C24",2024-12-01 21:27:16.000
"U89","C9",2024-12-01 10:07:43.000
"U49","C3",2024-12-01 00:14:11.000
"U91","C31",2024-12-01 05:48:46.000
"U59","C40",2024-12-01 15:23:12.000
"U42","C37",2024-12-01 12:23:17.000
"U92","C36",2024-12-01 10:07:01.000
"U60","C24",2024-12-01 05:39:39.000
"U80","C31",2024-12-01 07:50:21.000
"U15","C6",2024-12-01 12:15:18.000
"U62","C2",2024-12-01 03:43:16.000
"U62","C20",2024-12-01 03:22:36.000
"U47","C28",2024-12-01 13:49:57.000
"U62","C11",2024-12-01 03:31:16.000
"U51","C4",2024-12-01 13:04:12.000
"U55","C15",2024-12-01 12:31:22.000
"U64","C6",2024-12-01 21:58:51.000
"U3","C49",2024-12-01 09:37:51.000
"U51","C30",2024-12-01 01:34:55.000
"U7","C38",2024-12-01 16:43:37.000
"U21","C2",2024-12-01 19:31:24.000
"U73","C15",2024-12-01 04:32:41.000
"U39","C11",2024-12-01 13:46:55.000
"U18","C8",2024-12-01 02:52:08.000
"U4","C26",2024-12-01 20:05:57.000
"U89","C45",2024-12-01 10:40:27.000
"U60","C44",2024-12-01 22:53:17.000
"U14","C5",2024-12-01 22:31:10.000
"U9","C6",2024-12-01 13:10:00.000
"U90","C26",2024-12-01 21:01:14.000
"U53","C4",2024-12-01 07:00:03.000
"U2","C19",2024-12-01 02:31:56.000
"U84","C20",2024-12-01 01:40:06.000
"U92","C33",2024-12-01 08:17:51.000
"U60","C20",2024-12-01 10:32:10.000
"U71","C49",2024-12-01 02:54:18.000
"U44","C12",2024-12-01 08:28:32.000
"U8","C47",2024-12-01 03:40:38.000
"U47","C1",2024-12-01 13:50:23.000
"U35","C26",2024-12-01 10:07:14.000
"U78","C14",2024-12-01 16:30:29.000
"U81","C38",2024-12-01 23:08:40.000
"U36","C37",2024-12-01 13:16:59.000
"U50","C11",2024-12-01 05:55:19.000
"U4","C36",2024-12-01 13:28:40.000
"U2","C13",2024-12-01 12:56:06.000
"U6","C43",2024-12-01 07:37:40.000
"U54","C3",2024-12-01 09:43:13.000
"U4","C33",2024-12-01 23:35:39.000
"U54","C6",2024-12-01 02:35:58.000
"U93","C50",2024-12-01 22:10:40.000
"U63","C10",2024-12-01 23:07:07.000
"U18","C5",2024-12-01 06:13:51.000
"U90","C23",2024-12-01 19:26:50.000
"U44","C10",2024-12-01 08:54:47.000
"U34","C44",2024-12-01 05:56:57.000
"U74","C2",2024-12-01 16:49:49.000
"U62","C13",2024-12-01 13:48:55.000
"U100","C40",2024-12-01 09:49:42.000
"U14","C2",2024-12-01 23:18:06.000
"U95","C20",2024-12-01 20:16:40.000
"U48","C1",2024-12-01 07:59:45.000
"U15","C37",2024-12-01 11:48:24.000
"U72","C9",2024-12-01 02:02:11.000
"U78","C17",2024-12-01 08:20:21.000
"U87","C9",2024-12-01 01:10:07.000
"U62","C11",2024-12-01 11:29:07.000
"U40","C15",2024-12-01 14:36:21.000
"U85","C24",2024-12-01 09:44:53.000
"U80","C38",2024-12-01 02:24:35.000
"U82","C35",2024-12-01 07:40:53.000
"U53","C30",2024-12-01 20:39:01.000
"U24","C31",2024-12-01 11:27:25.000
"U26","C49",2024-12-01 07:44:29.000
"U89","C5",2024-12-01 23:51:49.000
"U60","C44",2024-12-01 18:10:35.000
"U41","C50",2024-12-01 14:24:16.000
"U29","C14",2024-12-01 23:24:19.000
"U15","C11",2024-12-01 16:42:22.000
"U45","C9",2024-12-01 05:12:06.000
"U65","C34",2024-12-01 09:38:38.000
"U89","C12",2024-12-01 05:05:01.000
"U71","C35",2024-12-01 08:58:45.000
"U9","C35",2024-12-01 20:26:19.000
"U88","C1",2024-12-01 19:37:24.000
"U1","C40",2024-12-01 09:33:58.000
"U8","C22",2024-12-01 21:17:02.000
"U88","C29",2024-12-01 15:35:55.000
"U63","C8",2024-12-01 21:14:44.000
"U11","C11",2024-12-01 14:32:30.000
"U81","C41",2024-12-01 13:10:47.000
"U8","C37",2024-12-01 07:59:06.000
"U35","C14",2024-12-01 05:02:11.000
"U35","C30",2024-12-01 18:33:04.000
"U33","C35",2024-12-01 17:58:06.000
"U5","C21",2024-12-01 03:18:35.000
"U41","C37",2024-12-01 01:42:55.000
"U28","C5",2024-12-01 03:59:31.000
"U7","C19",2024-12-01 05:33:53.000
"U73","C14",2024-12-01 22:50:40.000
"U72","C26",2024-12-01 05:49:29.000
"U12","C4",2024-12-01 15:22:13.000
"U34","C25",2024-12-01 21:42:52.000
"U33","C45",2024-12-01 02:18:46.000
"U48","C42",2024-12-01 14:00:32.000
"U23","C25",2024-12-01 13:53:39.000
"U62","C18",2024-12-01 21:41:44.000
"U88","C40",2024-12-01 17:02:28.000
"U37","C8",2024-12-01 19:15:52.000
"U99","C39",2024-12-01 09:09:13.000
"U44","C40",2024-12-01 20:08:32.000
"U86","C14",2024-12-01 00:25:04.000
"U91","C32",2024-12-01 04:10:14.000
"U35","C38",2024-12-01 19:33:01.000
"U65","C33",2024-12-01 09:42:53.000
"U99","C23",2024-12-01 23:20:12.000
"U47","C15",2024-12-01 12:23:07.000
"U78","C33",2024-12-01 04:03:41.000
"U3","C25",2024-12-01 10:41:09.000
"U1","C17",2024-12-01 15:49:45.000
"U5","C33",2024-12-01 05:45:30.000
"U90","C47",2024-12-01 16:31:10.000
"U14","C2",2024-12-01 00:07:05.000
"U27","C14",2024-12-01 09:35:22.000
"U9","C40",2024-12-01 18:13:32.000
"U79","C40",2024-12-01 06:30:16.000
"U15","C39",2024-12-01 18:29:02.000
"U90","C6",2024-12-01 03:52:27.000
"U42","C6",2024-12-01 22:45:59.000
"U77","C3",2024-12-01 10:51:57.000
"U51","C7",2024-12-01 23:15:48.000
"U63","C8",2024-12-01 18:29:00.000
"U96","C42",2024-12-01 22:10:18.000
"U52","C15",2024-12-01 07:14:31.000
"U96","C47",2024-12-01 05:33:52.000
"U4","C29",2024-12-01 13:36:49.000
"U94","C33",2024-12-01 05:52:54.000
"U23","C30",2024-12-01 19:38:17.000
"U15","C39",2024-12-01 19:18:34.000
"U43","C27",2024-12-01 00:01:14.000
"U29","C36",2024-12-01 21:48:24.000
"U36","C29",2024-12-01 11:48:07.000
"U13","C38",2024-12-01 17:47:22.000
"U32","C33",2024-12-01 00:42:32.000
"U71","C37",2024-12-01 04:04:22.000
"U59","C27",2024-12-01 13:12:56.000
"U86","C33",2024-12-01 11:11:46.000
"U28","C4",2024-12-01 08:43:05.000
"U66","C22",2024-12-01 02:06:32.000
"U42","C2",2024-12-01 08:46:11.000
"U45","C10",2024-12-01 20:39:24.000
"U62","C5",2024-12-01 02:52:02.000
"U57","C10",2024-12-01 03:07:06.000
"U6","C33",2024-12-01 17:41:39.000
"U28","C38",2024-12-01 02:31:11.000
"U28","C13",2024-12-01 19:23:42.000
"U44","C31",2024-12-01 04:34:43.000
"U84","C47",2024-12-01 04:40:28.000
"U30","C36",2024-12-01 17:18:16.000
"U62","C45",2024-12-01 20:01:03.000
"U75","C24",2024-12-01 06:00:43.000
"U92","C15",2024-12-01 09:39:01.000
"U89","C29",2024-12-01 19:12:43.000
"U62","C8",2024-12-01 22:05:07.000
"U97","C5",2024-12-01 15:24:21.000
"U1","C29",2024-12-01 07:42:40.000
"U27","C47",2024-12-01 19:38:06.000
"U62","C4",2024-12-01 07:19:25.000
"U77","C12",2024-12-01 11:20:57.000
"U3","C45",2024-12-01 14:31:36.000
"U70","C2",2024-12-01 23:39:40.000
"U72","C27",2024-12-01 13:35:44.000
"U27","C31",2024-12-01 15:57:02.000
"U9","C36",2024-12-01 18:50:39.000
"U62","C36",2024-12-01 16:26:17.000
"U37","C26",2024-12-01 04:24:20.000
"U97","C43",2024-12-01 09:01:33.000
"U51","C27",2024-12-01 08:10:51.000
"U44","C5",2024-12-01 02:19:52.000
"U24","C20",2024-12-01 12:18:33.000
"U79","C11",2024-12-01 00:45:57.000
"U59","C10",2024-12-01 21:25:10.000
"U32","C40",2024-12-01 20:10:03.000
"U96","C38",2024-12-01 08:22:41.000
"U88","C6",2024-12-01 21:25:28.000
"U52","C8",2024-12-01 08:01:04.000
"U62","C23",2024-12-01 00:15:42.000
"U58","C47",2024-12-01 02:35:05.000
"U52","C26",2024-12-01 22:58:39.000
"U12","C46",2024-12-01 02:08:36.000
"U39","C43",2024-12-01 08:20:07.000
"U2","C12",2024-12-01 02:27:14.000
"U3","C26",2024-12-01 01:08:37.000
"U56","C13",2024-12-01 12:01:49.000
"U81","C40",2024-12-01 02:34:47.000
"U59","C18",2024-12-01 18:43:11.000
"U2","C25",2024-12-01 08:39:55.000
"U2","C33",2024-12-01 10:08:20.000
"U92","C47",2024-12-01 17:40:24.000
"U54","C40",2024-12-01 07:48:00.000
"U87","C43",2024-12-01 19:37:58.000
"U96","C12",2024-12-01 04:49:02.000
"U97","C44",2024-12-01 20:47:27.000
"U1","C36",2024-12-01 20:58:45.000
"U19","C48",2024-12-01 17:12:33.000
"U2","C4",2024-12-01 08:50:50.000
"U53","C5",2024-12-01 17:13:13.000
"U44","C37",2024-12-01 14:49:14.000
"U90","C8",2024-12-01 06:55:57.000
"U32","C42",2024-12-01 03:26:03.000
"U70","C49",2024-12-01 03:31:44.000
"U32","C28",2024-12-01 23:59:34.000
"U68","C31",2024-12-01 15:41:38.000
"U55","C9",2024-12-01 12:53:58.000
"U75","C29",2024-12-01 15:25:19.000
"U56","C14",2024-12-01 14:58:03.000
"U17","C40",2024-12-01 17:00:13.000
"U38","C41",2024-12-01 01:58:20.000
"U24","C22",2024-12-01 23:47:29.000
"U69","C11",2024-12-01 23:31:36.000
"U98","C23",2024-12-01 03:34:59.000
"U70","C1",2024-12-01 02:12:24.000
"U86","C46",2024-12-01 14:39:32.000
"U11","C37",2024-12-01 12:21:13.000
"U16","C21",2024-12-01 03:58:42.000
"U97","C26",2024-12-01 09:03:11.000
"U73","C46",2024-12-01 06:58:32.000
"U59","C36",2024-12-01 06:55:31.000
"U70","C23",2024-12-01 19:31:32.000
"U80","C1",2024-12-01 16:20:00.000
"U93","C40",2024-12-01 05:06:13.000
"U3","C15",2024-12-01 15:21:36.000
"U20","C21",2024-12-01 06:40:50.000
"U59","C47",2024-12-01 10:08:29.000
"U36","C9",2024-12-01 16:50:37.000
"U19","C9",2024-12-01 09:05:42.000
"U90","C10",2024-12-01 02:44:40.000
"U67","C26",2024-12-01 16:08:02.000
"U19","C41",2024-12-01 20:02:12.000
"U20","C35",2024-12-01 03:33:53.000
"U96","C25",2024-12-01 01:50:30.000
"U71","C26",2024-12-01 23:44:37.000
"U52","C11",2024-12-01 19:40:55.000
"U33","C38",2024-12-01 00:32:14.000
"U40","C2",2024-12-01 03:23:44.000
"U39","C7",2024-12-01 08:36:22.000
"U82","C18",2024-12-01 06:03:18.000
"U1","C27",2024-12-01 14:47:49.000
"U11","C34",2024-12-01 17:40:53.000
"U92","C27",2024-12-01 17:31:32.000
"U57","C17",2024-12-01 07:46:56.000
"U89","C43",2024-12-01 14:36:05.000
"U50","C44",2024-12-01 02:08:05.000
"U23","C24",2024-12-01 05:59:39.000
"U31","C25",2024-12-01 13:47:52.000
"U94","C7",2024-12-01 00:04:42.000
"U42","C6",2024-12-01 14:12:53.000
"U99","C24",2024-12-01 09:39:20.000
"U7","C33",2024-12-01 16:33:58.000
"U16","C49",2024-12-01 10:23:08.000
"U90","C29",2024-12-01 15:24:04.000
"U60","C43",2024-12-01 20:14:05.000
"U2","C22",2024-12-01 17:43:08.000
"U1","C26",2024-12-01 05:38:09.000
"U48","C28",2024-12-01 06:54:50.000
"U12","C50",2024-12-01 10:48:10.000
"U69","C21",2024-12-01 07:55:34.000
"U37","C49",2024-12-01 02:07:45.000
"U32","C7",2024-12-01 21:05:14.000
"U9","C17",2024-12-01 19:44:26.000
"U99","C20",2024-12-01 02:13:09.000
"U19","C41",2024-12-01 11:25:04.000
"U48","C49",2024-12-01 02:04:52.000
"U80","C20",2024-12-01 01:49:32.000
"U3","C22",2024-12-01 21:16:09.000
"U20","C28",2024-12-01 17:21:33.000
"U24","C40",2024-12-01 18:18:29.000
"U54","C49",2024-12-01 19:20:15.000
"U33","C7",2024-12-01 05:43:55.000
"U24","C1",2024-12-01 02:04:15.000
"U75","C32",2024-12-01 18:29:22.000
"U72","C13",2024-12-01 02:55:00.000
"U36","C30",2024-12-01 06:45:56.000
"U38","C23",2024-12-01 02:29:41.000
"U84","C19",2024-12-01 21:39:52.000
"U99","C32",2024-12-01 02:28:27.000
"U89","C30",2024-12-01 08:33:48.000
"U99","C29",2024-12-01 14:42:03.000
"U25","C49",2024-12-01 04:21:53.000
"U93","C45",2024-12-01 20:44:28.000
"U18","C29",2024-12-01 08:57:51.000
"U82","C30",2024-12-01 21:04:40.000
"U66","C16",2024-12-01 21:38:44.000
"U54","C40",2024-12-01 01:26:49.000
"U35","C19",2024-12-01 22:33:03.000
"U80","C18",2024-12-01 02:59:05.000
"U61","C1",2024-12-01 15:15:48.000
"U41","C14",2024-12-01 23:56:03.000
"U100","C47",2024-12-01 21:15:03.000
"U33","C50",2024-12-01 20:34:45.000
"U68","C2",2024-12-01 19:02:02.000
"U33","C28",2024-12-01 11:31:07.000
"U14","C49",2024-12-01 09:29:39.000
"U21","C50",2024-12-01 07:26:12.000
"U48","C30",2024-12-01 11:26:20.000
"U20","C38",2024-12-01 08:41:25.000
"U8","C4",2024-12-01 09:40:14.000
"U7","C1",2024-12-01 14:24:36.000
"U67","C8",2024-12-01 04:45:54.000
"U17","C29",2024-12-01 23:30:07.000
"U33","C39",2024-12-01 10:55:21.000
"U48","C3",2024-12-01 16:38:49.000
"U76","C32",2024-12-01 11:30:41.000
"U59","C10",2024-12-01 02:38:28.000
"U86","C10",2024-12-01 00:20:20.000
"U22","C19",2024-12-01 16:41:08.000
"U30","C46",2024-12-01 22:36:56.000
"U38","C34",2024-12-01 20:29:52.000
"U51","C33",2024-12-01 03:38:24.000
"U54","C23",2024-12-01 02:40:02.000
"U8","C28",2024-12-01 19:34:28.000
"U27","C32",2024-12-01 07:45:38.000
"U27","C50",2024-12-01 18:25:07.000
"U98","C7",2024-12-01 09:39:20.000
"U21","C29",2024-12-01 04:49:21.000
"U30","C8",2024-12-01 12:42:25.000
"U97","C1",2024-12-01 02:30:16.000
"U28","C3",2024-12-01 08:53:38.000
"U64","C24",2024-12-01 13:27:14.000
"U97","C23",2024-12-01 10:22:33.000
"U69","C8",2024-12-01 05:44:36.000
"U61","C47",2024-12-01 15:57:13.000
"U48","C37",2024-12-01 19:46:40.000
"U19","C3",2024-12-01 11:00:51.000
"U4","C33",2024-12-01 22:16:13.000
"U35","C28",2024-12-01 23:48:37.000
"U64","C47",2024-12-01 19:15:29.000
"U49","C8",2024-12-01 00:17:05.000
"U17","C34",2024-12-01 20:11:32.000
"U44","C35",2024-12-01 10:54:00.000
"U92","C32",2024-12-01 03:46:17.000
"U30","C24",2024-12-01 04:53:21.000
"U93","C14",2024-12-01 09:37:44.000
"U46","C32",2024-12-01 04:12:09.000
"U6","C46",2024-12-01 03:53:49.000
"U99","C43",2024-12-01 20:08:32.000
"U37","C16",2024-12-01 05:39:34.000
"U24","C4",2024-12-01 09:54:57.000
"U93","C37",2024-12-01 10:15:30.000
"U46","C21",2024-12-01 22:01:16.000
"U53","C14",2024-12-01 07:40:07.000
"U95","C31",2024-12-01 12:29:02.000
"U99","C48",2024-12-01 07:24:45.000
"U60","C18",2024-12-01 23:05:30.000
"U97","C7",2024-12-01 09:36:40.000
"U63","C10",2024-12-01 18:24:04.000
"U85","C7",2024-12-01 17:47:12.000
"U32","C33",2024-12-01 09:08:34.000
"U87","C23",2024-12-01 01:50:58.000
"U33","C21",2024-12-01 03:21:37.000
"U67","C19",2024-12-01 23:05:36.000
"U18","C48",2024-12-01 15:25:18.000
"U25","C19",2024-12-01 10:04:25.000
"U95","C36",2024-12-01 01:36:18.000
"U54","C29",2024-12-01 00:07:44.000
"U58","C18",2024-12-01 12:08:39.000
"U67","C2",2024-12-01 04:45:46.000
"U46","C1",2024-12-01 23:11:47.000
"U24","C47",2024-12-01 09:32:15.000
"U32","C5",2024-12-01 05:52:58.000
"U47","C20",2024-12-01 16:05:12.000
"U86","C11",2024-12-01 20:05:09.000
"U23","C42",2024-12-01 15:34:17.000
"U66","C2",2024-12-01 20:25:19.000
"U27","C3",2024-12-01 00:21:07.000
"U2","C23",2024-12-01 04:04:23.000
"U90","C12",2024-12-01 02:44:22.000
"U17","C20",2024-12-01 05:25:36.000
"U33","C5",2024-12-01 19:51:51.000
"U9","C37",2024-12-01 01:18:42.000
"U43","C38",2024-12-01 13:26:33.000
"U48","C30",2024-12-01 21:12:30.000
"U39","C9",2024-12-01 20:07:00.000
"U93","C34",2024-12-01 05:23:30.000
"U42","C44",2024-12-01 15:38:53.000
"U26","C35",2024-12-01 04:38:24.000
"U99","C22",2024-12-01 01:31:22.000
"U50","C44",2024-12-01 11:13:24.000
"U25","C24",2024-12-01 13:16:35.000
"U24","C17",2024-12-01 01:27:09.000
"U13","C10",2024-12-01 13:01:38.000
"U60","C30",2024-12-01 07:38:55.000
"U7","C46",2024-12-01 09:05:06.000
"U57","C23",2024-12-01 03:44:33.000
"U36","C32",2024-12-01 12:52:37.000
"U45","C17",2024-12-01 20:23:05.000
"U20","C50",2024-12-01 14:47:44.000
"U65","C17",2024-12-01 22:35:51.000
"U8","C14",2024-12-01 05:37:37.000
"U16","C9",2024-12-01 08:37:09.000
"U14","C40",2024-12-01 05:54:59.000
"U76","C2",2024-12-01 06:26:46.000
"U87","C45",2024-12-01 15:00:40.000
"U15","C25",2024-12-01 00:54:08.000
"U92","C39",2024-12-01 06:31:49.000
"U98","C9",2024-12-01 12:05:40.000
"U66","C22",2024-12-01 14:59:24.000
"U32","C43",2024-12-01 09:02:07.000
"U87","C46",2024-12-01 09:42:50.000
"U63","C4",2024-12-01 05:47:46.000
"U86","C26",2024-12-01 03:56:08.000
"U51","C29",2024-12-01 13:55:40.000
"U25","C45",2024-12-01 01:24:35.000
"U58","C34",2024-12-01 17:08:14.000
"U63","C23",2024-12-01 08:05:54.000
"U62","C37",2024-12-01 07:15:58.000
"U22","C11",2024-12-01 16:45:32.000
"U58","C6",2024-12-01 12:43:50.000
"U58","C18",2024-12-01 11:06:41.000
"U86","C21",2024-12-01 08:17:11.000
"U49","C42",2024-12-01 08:06:59.000
"U52","C36",2024-12-01 00:51:41.000
"U42","C41",2024-12-01 07:01:53.000
"U70","C38",2024-12-01 14:30:27.000
"U15","C34",2024-12-01 11:57:05.000
"U54","C17",2024-12-01 10:08:37.000
"U60","C37",2024-12-01 02:31:39.000
"U97","C25",2024-12-01 10:09:45.000
"U8","C38",2024-12-01 12:47:05.000
"U53","C12",2024-12-01 23:21:20.000
"U60","C23",2024-12-01 18:32:48.000
"U5","C42",2024-12-01 14:33:06.000
"U68","C22",2024-12-01 19:31:22.000
"U6","C21",2024-12-01 12:03:24.000
"U96","C27",2024-12-01 01:00:17.000
"U94","C31",2024-12-01 04:11:58.000
"U47","C6",2024-12-01 09:30:37.000
"U99","C27",2024-12-01 06:30:05.000
"U55","C40",2024-12-01 21:08:19.000
"U40","C34",2024-12-01 09:39:55.000
"U52","C12",2024-12-01 01:23:34.000
"U16","C45",2024-12-01 03:56:48.000
"U13","C7",2024-12-01 21:43:13.000
"U30","C10",2024-12-01 15:49:19.000
"U19","C45",2024-12-01 12:35:09.000
"U17","C17",2024-12-01 11:25:14.000
"U63","C26",2024-12-01 15:53:19.000
"U19","C21",2024-12-01 22:04:17.000
"U92","C28",2024-12-01 18:37:13.000
"U58","C46",2024-12-01 04:12:37.000
"U55","C2",2024-12-01 14:01:28.000
"U90","C43",2024-12-01 20:59:34.000
"U90","C1",2024-12-01 06:55:14.000
"U62","C36",2024-12-01 09:16:26.000
"U23","C26",2024-12-01 01:36:57.000
"U9","C29",2024-12-01 15:52:34.000
"U12","C21",2024-12-01 00:03:41.000
"U1","C11",2024-12-01 18:55:46.000
"U58","C40",2024-12-01 19:36:15.000
"U1","C11",2024-12-01 07:10:25.000
"U34","C36",2024-12-01 13:15:39.000
"U96","C49",2024-12-01 15:42:11.000
"U48","C39",2024-12-01 02:32:51.000
"U89","C40",2024-12-01 12:01:19.000
"U1","C35",2024-12-01 22:41:18.000
"U16","C34",2024-12-01 11:25:45.000
"U61","C47",2024-12-01 04:32:14.000
"U64","C24",2024-12-01 10:56:03.000
"U63","C22",2024-12-01 18:27:49.000
"U69","C5",2024-12-01 11:15:38.000
"U22","C33",2024-12-01 14:52:08.000
"U93","C36",2024-12-01 11:52:33.000
"U67","C47",2024-12-01 14:39:03.000
"U76","C20",2024-12-01 10:45:52.000
"U26","C19",2024-12-01 20:11:07.000
"U16","C35",2024-12-01 04:38:03.000
"U51","C43",2024-12-01 06:59:04.000
"U86","C17",2024-12-01 15:18:28.000
"U57","C45",2024-12-01 13:48:15.000
"U29","C43",2024-12-01 06:20:10.000
"U78","C34",2024-12-01 22:24:36.000
"U92","C9",2024-12-01 20:43:13.000
"U69","C26",2024-12-01 10:57:26.000
"U47","C2",2024-12-01 14:47:05.000
"U94","C9",2024-12-01 19:56:59.000
"U62","C9",2024-12-01 00:00:53.000
"U69","C40",2024-12-01 11:03:49.000
"U76","C17",2024-12-01 10:26:46.000
"U16","C1",2024-12-01 07:39:09.000
"U90","C25",2024-12-01 15:39:06.000
"U90","C43",2024-12-01 21:06:59.000
"U48","C40",2024-12-01 22:05:16.000
"U85","C42",2024-12-01 23:50:13.000
"U39","C25",2024-12-01 11:43:57.000
"U100","C39",2024-12-01 16:55:46.000
"U33","C35",2024-12-01 16:05:05.000
"U94","C3",2024-12-01 16:05:54.000
"U23","C50",2024-12-01 07:46:50.000
"U10","C37",2024-12-01 18:36:40.000
"U69","C44",2024-12-01 17:13:41.000
"U100","C44",2024-12-01 06:10:41.000
"U34","C30",2024-12-01 23:59:16.000
"U52","C38",2024-12-01 03:05:14.000
"U95","C34",2024-12-01 10:19:56.000
"U10","C12",2024-12-01 18:46:01.000
"U19","C19",2024-12-01 23:02:40.000
"U58","C37",2024-12-01 22:32:47.000
"U96","C44",2024-12-01 12:12:13.000
"U1","C49",2024-12-01 03:24:00.000
"U69","C17",2024-12-01 08:33:04.000
"U4","C10",2024-12-01 11:18:07.000
"U16","C49",2024-12-01 08:10:44.000
"U24","C47",2024-12-01 07:15:00.000
"U80","C12",2024-12-01 05:21:53.000
"U2","C16",2024-12-01 00:53:21.000
"U92","C24",2024-12-01 01:40:57.000
"U32","C19",2024-12-01 08:54:52.000
"U91","C8",2024-12-01 17:17:57.000
"U84","C31",2024-12-01 22:15:20.000
"U24","C21",2024-12-01 02:39:05.000
"U12","C17",2024-12-01 16:34:52.000
"U50","C23",2024-12-01 15:05:21.000
"U35","C37",2024-12-01 22:55:44.000
"U33","C16",2024-12-01 20:57:34.000
"U33","C6",2024-12-01 07:04:45.000
"U61","C8",2024-12-01 13:58:48.000
"U51","C25",2024-12-01 17:59:59.000
"U43","C18",2024-12-01 14:33:03.000
"U12","C25",2024-12-01 08:52:59.000
"U67","C12",2024-12-01 05:22:22.000
"U65","C15",2024-12-01 23:53:10.000
"U33","C26",2024-12-01 00:12:06.000
"U40","C41",2024-12-01 03:52:50.000
"U74","C45",2024-12-01 15:28:44.000
"U43","C26",2024-12-01 07:58:03.000
"U44","C47",2024-12-01 06:24:13.000
"U29","C32",2024-12-01 18:51:29.000
"U13","C10",2024-12-01 16:54:49.000
"U12","C16",2024-12-01 01:49:42.000
"U95","C7",2024-12-01 20:17:40.000
"U46","C17",2024-12-01 09:04:22.000
"U2","C23",2024-12-01 04:25:06.000
"U35","C26",2024-12-01 16:37:09.000
"U87","C21",2024-12-01 04:51:17.000
"U81","C22",2024-12-01 16:55:01.000
"U90","C7",2024-12-01 19:20:16.000
"U8","C14",2024-12-01 20:20:59.000
"U93","C15",2024-12-01 21:40:47.000
"U26","C7",2024-12-01 11:33:08.000
"U74","C9",2024-12-01 16:06:48.000
"U90","C48",2024-12-01 22:18:21.000
"U34","C8",2024-12-01 18:22:42.000
"U7","C50",2024-12-01 15:32:13.000
"U68","C23",2024-12-01 19:56:50.000
"U58","C29",2024-12-01 16:14:06.000
"U75","C18",2024-12-01 05:47:41.000
"U29","C31",2024-12-01 17:16:56.000
"U36","C30",2024-12-01 16:23:11.000
"U89","C39",2024-12-01 09:26:12.000
"U21","C35",2024-12-01 09:00:06.000
"U36","C18",2024-12-01 23:12:59.000
"U10","C42",2024-12-01 10:05:47.000
"U73","C39",2024-12-01 18:58:47.000
"U24","C17",2024-12-01 17:38:37.000
"U64","C14",2024-12-01 22:49:09.000
"U99","C31",2024-12-01 08:42:38.000
"U49","C24",2024-12-01 09:59:52.000
"U99","C35",2024-12-01 16:00:54.000
"U36","C44",2024-12-01 02:49:15.000
"U82","C45",2024-12-01 10:24:10.000
"U96","C34",2024-12-01 08:32:15.000
"U24","C3",2024-12-01 09:53:34.000
"U23","C37",2024-12-01 12:13:40.000
"U62","C43",2024-12-01 11:38:24.000
"U96","C40",2024-12-01 19:39:58.000
"U37","C26",2024-12-01 02:56:01.000
"U12","C23",2024-12-01 05:02:16.000
"U55","C44",2024-12-01 05:29:29.000
"U13","C39",2024-12-01 08:25:11.000
"U23","C15",2024-12-01 13:56:45.000
"U89","C49",2024-12-01 05:33:48.000
"U99","C4",2024-12-01 07:47:23.000
"U30","C29",2024-12-01 02:20:18.000
"U17","C22",2024-12-01 15:06:17.000
"U62","C25",2024-12-01 14:50:24.000
"U84","C13",2024-12-01 12:02:49.000
"U89","C18",2024-12-01 19:45:21.000
"U86","C33",2024-12-01 16:57:49.000
"U13","C16",2024-12-01 15:08:16.000
"U59","C45",2024-12-01 02:16:01.000
"U19","C42",2024-12-01 07:31:50.000
"U49","C44",2024-12-01 15:17:49.000
"U100","C2",2024-12-01 14:10:49.000
"U12","C35",2024-12-01 21:15:56.000
"U61","C42",2024-12-01 00:42:40.000
"U19","C34",2024-12-01 20:57:36.000
"U76","C30",2024-12-01 13:50:57.000
"U9","C13",2024-12-01 17:21:58.000
"U71","C13",2024-12-01 00:12:52.000
"U28","C18",2024-12-01 12:48:25.000
"U78","C32",2024-12-01 10:52:19.000
"U95","C32",2024-12-01 14:11:56.000
"U52","C35",2024-12-01 15:15:21.000
"U83","C39",2024-12-01 19:35:45.000
"U16","C46",2024-12-01 19:53:02.000
"U69","C29",2024-12-01 21:57:49.000
"U99","C49",2024-12-01 08:01:46.000
"U12","C29",2024-12-01 17:46:33.000
"U25","C44",2024-12-01 07:59:20.000
"U52","C16",2024-12-01 09:56:14.000
"U85","C44",2024-12-01 15:52:05.000
"U100","C47",2024-12-01 17:40:54.000
"U53","C10",2024-12-01 01:03:24.000
"U23","C30",2024-12-01 14:09:28.000
"U16","C25",2024-12-01 12:14:17.000
"U57","C39",2024-12-01 14:43:14.000
"U39","C20",2024-12-01 06:00:32.000
"U53","C5",2024-12-01 17:01:01.000
"U42","C1",2024-12-01 04:38:48.000
"U58","C30",2024-12-01 22:39:20.000
"U39","C49",2024-12-01 19:26:48.000
"U14","C3",2024-12-01 00:58:54.000
"U95","C45",2024-12-01 14:20:45.000
"U5","C14",2024-12-01 21:33:00.000
"U35","C30",2024-12-01 20:32:55.000
"U87","C50",2024-12-01 00:59:12.000
"U93","C4",2024-12-01 03:03:23.000
"U75","C18",2024-12-01 23:24:06.000
"U18","C37",2024-12-01 15:36:19.000
"U76","C25",2024-12-01 04:56:26.000
"U9","C48",2024-12-01 16:48:35.000
"U74","C1",2024-12-01 06:36:59.000
"U58","C46",2024-12-01 01:49:50.000
"U17","C15",2024-12-01 09:28:19.000
"U7","C9",2024-12-01 13:48:09.000
"U46","C15",2024-12-01 11:55:06.000
"U13","C49",2024-12-01 07:42:22.000
"U40","C24",2024-12-01 16:33:18.000
"U42","C4",2024-12-01 11:54:00.000
"U9","C12",2024-12-01 12:17:16.000
"U50","C37",2024-12-01 13:48:12.000
"U27","C37",2024-12-01 10:07:51.000
"U66","C43",2024-12-01 15:20:55.000
"U5","C6",2024-12-01 09:11:05.000
"U29","C39",2024-12-01 02:58:55.000
"U37","C46",2024-12-01 17:07:24.000
"U38","C24",2024-12-01 00:42:20.000
"U83","C11",2024-12-01 19:38:22.000
"U8","C13",2024-12-01 01:53:46.000
"U65","C34",2024-12-01 12:44:30.000
"U86","C25",2024-12-01 08:09:49.000
"U17","C7",2024-12-01 23:40:15.000
"U71","C4",2024-12-01 02:29:53.000
"U89","C8",2024-12-01 23:43:46.000
"U45","C20",2024-12-01 01:27:56.000
"U4","C29",2024-12-01 01:07:47.000
"U36","C45",2024-12-01 09:00:11.000
"U70","C46",2024-12-01 07:15:30.000
"U31","C10",2024-12-01 00:44:31.000
"U19","C43",2024-12-01 22:37:19.000
"U61","C34",2024-12-01 05:32:53.000
"U54","C26",2024-12-01 08:41:06.000
"U39","C41",2024-12-01 04:35:44.000
"U91","C49",2024-12-01 17:14:30.000
"U74","C3",2024-12-01 04:09:53.000
"U90","C6",2024-12-01 20:32:00.000
"U19","C5",2024-12-01 07:56:09.000
"U39","C5",2024-12-01 16:55:52.000
"U67","C47",2024-12-01 09:19:46.000
"U45","C23",2024-12-01 13:25:51.000
"U13","C49",2024-12-01 06:06:32.000
"U92","C9",2024-12-01 22:03:35.000
"U58","C35",2024-12-01 22:06:33.000
"U20","C20",2024-12-01 04:10:12.000
"U92","C49",2024-12-01 05:57:45.000
"U72","C42",2024-12-01 11:19:28.000
"U61","C35",2024-12-01 03:56:08.000
"U39","C50",2024-12-01 21:04:09.000
"U1","C18",2024-12-01 00:56:05.000
"U3","C17",2024-12-01 11:21:28.000
"U77","C24",2024-12-01 20:57:50.000
"U92","C3",2024-12-01 13:39:52.000
"U62","C32",2024-12-01 14:26:30.000
"U63","C35",2024-12-01 07:13:15.000
"U25","C38",2024-12-01 02:46:01.000
"U56","C13",2024-12-01 21:33:27.000
"U33","C47",2024-12-01 22:50:13.000
"U38","C25",2024-12-01 08:50:30.000
"U6","C9",2024-12-01 03:42:36.000
"U58","C4",2024-12-01 10:58:49.000
"U44","C14",2024-12-01 21:51:37.000
"U45","C37",2024-12-01 04:24:26.000
"U32","C34",2024-12-01 20:36:17.000
"U45","C11",2024-12-01 01:29:43.000
"U61","C41",2024-12-01 12:38:28.000
"U47","C3",2024-12-01 19:23:47.000
"U21","C28",2024-12-01 15:35:48.000
"U80","C29",2024-12-01 13:29:31.000
"U85","C9",2024-12-01 02:30:38.000
"U75","C3",2024-12-01 18:25:17.000
"U36","C25",2024-12-01 23:34:34.000
"U99","C34",2024-12-01 12:25:25.000
"U19","C12",2024-12-01 00:27:38.000
"U20","C42",2024-12-01 15:17:37.000
"U57","C9",2024-12-01 17:50:51.000
"U18","C15",2024-12-01 03:50:33.000
"U47","C40",2024-12-01 15:47:02.000
"U49","C25",2024-12-01 13:11:12.000
"U14","C5",2024-12-01 23:08:27.000
"U15","C11",2024-12-01 16:44:18.000
"U31","C34",2024-12-01 05:34:12.000
"U1","C24",2024-12-01 15:51:20.000
"U54","C15",2024-12-01 06:24:46.000
"U3","C38",2024-12-01 18:59:46.000
"U16","C8",2024-12-01 23:40:56.000
"U87","C5",2024-12-01 09:50:00.000
"U57","C48",2024-12-01 22:25:28.000
"U75","C26",2024-12-01 19:35:39.000
"U12","C18",2024-12-01 17:36:12.000
"U74","C6",2024-12-01 16:55:31.000
"U96","C37",2024-12-01 15:51:31.000
"U16","C48",2024-12-01 21:34:16.000
"U72","C13",2024-12-01 09:46:19.000
"U76","C28",2024-12-01 11:44:05.000
"U24","C5",2024-12-01 08:56:17.000
"U28","C13",2024-12-01 03:09:19.000
"U8","C17",2024-12-01 10:09:19.000
"U92","C50",2024-12-01 16:24:47.000
"U36","C40",2024-12-01 08:52:43.000
"U90","C45",2024-12-01 16:55:10.000
"U8","C32",2024-12-01 20:44:51.000
"U58","C29",2024-12-01 22:13:17.000
"U60","C3",2024-12-01 13:47:54.000
"U50","C40",2024-12-01 12:14:52.000
"U28","C34",2024-12-01 01:02:41.000
"U92","C40",2024-12-01 17:59:49.000
"U41","C27",2024-12-01 11:50:00.000
"U100","C13",2024-12-01 06:37:14.000
"U64","C45",2024-12-01 17:45:04.000
"U27","C33",2024-12-01 07:43:22.000
"U63","C6",2024-12-01 12:55:07.000
"U17","C24",2024-12-01 09:24:22.000
"U73","C19",2024-12-01 12:23:28.000
"U33","C16",2024-12-01 10:10:55.000
"U84","C40",2024-12-01 21:42:19.000
"U77","C28",2024-12-01 10:03:31.000
"U92","C33",2024-12-01 20:14:08.000
"U29","C48",2024-12-01 00:22:10.000
"U13","C41",2024-12-01 18:48:35.000
"U46","C13",2024-12-01 06:57:22.000
"U35","C43",2024-12-01 03:07:01.000
"U6","C45",2024-12-01 08:47:15.000
"U82","C25",2024-12-01 14:47:51.000
"U69","C42",2024-12-01 17:47:18.000
"U47","C36",2024-12-01 20:12:48.000
"U25","C27",2024-12-01 08:44:59.000
"U66","C38",2024-12-01 17:20:02.000
"U10","C7",2024-12-01 23:30:59.000
"U56","C5",2024-12-01 17:52:12.000
"U30","C43",2024-12-01 16:19:03.000
"U5","C45",2024-12-01 00:37:40.000
"U33","C31",2024-12-01 03:23:16.000
"U65","C23",2024-12-01 10:42:46.000
"U18","C42",2024-12-01 08:04:05.000
"U96","C10",2024-12-01 14:43:25.000
"U49","C32",2024-12-01 08:51:30.000
"U11","C43",2024-12-01 11:08:55.000
"U85","C30",2024-12-01 21:10:25.000
"U26","C39",2024-12-01 13:26:08.000
"U63","C31",2024-12-01 17:13:51.000
"U89","C18",2024-12-01 20:09:04.000
"U86","C36",2024-12-01 19:19:48.000
"U59","C2",2024-12-01 12:30:56.000
"U27","C14",2024-12-01 15:29:31.000
"U49","C13",2024-12-01 20:02:20.000
"U77","C29",2024-12-01 12:02:37.000
"U33","C12",2024-12-01 12:48:32.000
"U98","C39",2024-12-01 16:31:13.000
"U99","C2",2024-12-01 09:51:49.000
"U1","C32",2024-12-01 11:09:49.000
"U21","C13",2024-12-01 09:09:11.000
"U55","C46",2024-12-01 08:23:37.000
"U6","C27",2024-12-01 04:23:34.000
"U92","C49",2024-12-01 07:00:42.000
"U81","C41",2024-12-01 11:29:19.000
"U69","C17",2024-12-01 04:21:10.000
"U95","C40",2024-12-01 19:30:36.000
"U5","C31",2024-12-01 06:44:27.000
"U3","C34",2024-12-01 06:58:25.000
"U53","C24",2024-12-01 07:52:41.000
"U23","C45",2024-12-01 17:37:44.000
"U53","C35",2024-12-01 10:04:01.000
"U37","C48",2024-12-01 21:27:58.000
"U74","C6",2024-12-01 19:06:05.000
"U74","C19",2024-12-01 21:43:42.000
"U83","C30",2024-12-01 10:18:13.000
"U17","C7",2024-12-01 03:39:36.000
"U85","C10",2024-12-01 07:04:03.000
"U78","C41",2024-12-01 10:47:09.000
"U73","C32",2024-12-01 08:16:56.000
"U1","C34",2024-12-01 13:08:21.000
"U51","C28",2024-12-01 06:31:59.000
"U45","C15",2024-12-01 11:00:18.000
"U77","C30",2024-12-01 00:30:54.000
"U4","C37",2024-12-01 19:26:50.000
"U62","C29",2024-12-01 04:36:31.000
"U65","C22",2024-12-01 09:59:14.000
"U32","C4",2024-12-01 01:39:25.000
"U34","C20",2024-12-01 01:59:06.000
"U92","C32",2024-12-01 20:08:49.000
"U95","C36",2024-12-01 10:38:10.000
"U72","C50",2024-12-01 04:35:51.000
"U39","C4",2024-12-01 23:13:26.000
"U26","C27",2024-12-01 17:52:20.000
"U34","C17",2024-12-01 03:44:06.000
"U54","C12",2024-12-01 00:26:47.000
"U3","C22",2024-12-01 20:54:03.000
"U50","C17",2024-12-01 10:21:08.000
"U12","C10",2024-12-01 17:05:24.000
"U65","C1",2024-12-01 17:25:46.000
"U54","C22",2024-12-01 16:02:13.000
"U5","C26",2024-12-01 12:24:17.000
"U94","C18",2024-12-01 06:42:44.000
"U94","C50",2024-12-01 01:52:14.000
"U57","C14",2024-12-01 09:11:32.000
"U17","C47",2024-12-01 17:23:36.000
"U47","C29",2024-12-01 04:09:13.000
"U23","C12",2024-12-01 02:22:44.000
"U79","C36",2024-12-01 14:35:21.000
"U85","C35",2024-12-01 17:54:14.000
"U14","C12",2024-12-01 02:41:50.000
"U66","C7",2024-12-01 21:00:31.000
"U75","C29",2024-12-01 22:55:02.000
"U51","C11",2024-12-01 01:57:06.000
"U38","C33",2024-12-01 05:31:27.000
"U64","C6",2024-12-01 05:25:55.000
"U98","C47",2024-12-01 20:29:32.000
"U38","C15",2024-12-01 11:03:44.000
"U50","C32",2024-12-01 03:06:04.000
"U98","C11",2024-12-01 09:02:10.000
"U82","C23",2024-12-01 04:18:45.000
"U30","C26",2024-12-01 20:19:07.000
"U79","C34",2024-12-01 15:09:08.000
"U91","C46",2024-12-01 22:04:31.000
"U51","C34",2024-12-01 21:42:15.000
"U63","C29",2024-12-01 22:30:57.000
"U98","C4",2024-12-01 08:13:01.000
"U52","C17",2024-12-01 19:01:34.000
"U38","C35",2024-12-01 13:50:56.000
"U97","C13",2024-12-01 16:24:09.000
"U88","C41",2024-12-01 16:07:08.000
"U79","C39",2024-12-01 10:49:34.000
"U30","C15",2024-12-01 21:25:39.000
"U51","C29",2024-12-01 15:36:47.000
"U81","C29",2024-12-01 11:07:06.000
"U5","C11",2024-12-01 20:42:11.000
"U29","C32",2024-12-01 22:36:39.000
"U4","C2",2024-12-01 02:11:34.000
"U10","C47",2024-12-01 22:11:45.000
"U56","C14",2024-12-01 03:36:46.000
"U17","C20",2024-12-01 07:33:55.000
"U74","C22",2024-12-01 22:46:27.000
"U17","C11",2024-12-01 07:40:59.000
"U84","C27",2024-12-01 09:38:07.000
"U88","C3",2024-12-01 02:57:21.000
"U69","C17",2024-12-01 05:43:05.000
"U34","C44",2024-12-01 08:43:59.000
"U6","C28",2024-12-01 06:19:42.000
"U53","C29",2024-12-01 20:05:50.000
"U66","C21",2024-12-01 02:43:58.000
"U77","C47",2024-12-01 05:41:57.000
"U43","C16",2024-12-01 00:05:50.000
"U75","C37",2024-12-01 14:52:25.000
"U23","C20",2024-12-01 16:24:08.000
"U55","C6",2024-12-01 21:37:12.000
"U80","C19",2024-12-01 17:06:32.000
"U95","C5",2024-12-01 10:36:15.000
"U75","C3",2024-12-01 01:11:18.000
"U16","C1",2024-12-01 08:25:40.000
"U8","C38",2024-12-01 10:29:22.000
"U4","C15",2024-12-01 10:17:36.000
"U4","C34",2024-12-01 16:31:50.000
"U56","C35",2024-12-01 02:35:29.000
"U25","C49",2024-12-01 08:29:55.000
"U67","C25",2024-12-01 09:37:55.000
"U96","C24",2024-12-01 22:45:27.000
"U67","C12",2024-12-01 21:28:24.000
"U27","C18",2024-12-01 07:12:08.000
"U93","C15",2024-12-01 15:28:43.000
"U32","C44",2024-12-01 04:10:43.000
"U50","C16",2024-12-01 19:49:36.000
"U61","C27",2024-12-01 08:11:06.000
"U51","C8",2024-12-01 23:34:46.000
"U19","C46",2024-12-01 05:25:28.000
"U21","C25",2024-12-01 09:40:16.000
"U5","C17",2024-12-01 05:10:43.000
"U82","C29",2024-12-01 02:35:59.000
"U92","C8",2024-12-01 02:10:16.000
"U42","C15",2024-12-01 06:02:27.000
"U61","C27",2024-12-01 11:11:59.000
"U22","C46",2024-12-01 21:39:53.000
"U21","C50",2024-12-01 20:43:27.000
"U70","C7",2024-12-01 10:30:28.000
"U1","C3",2024-12-01 15:59:20.000
"U5","C29",2024-12-01 04:31:39.000
"U12","C44",2024-12-01 17:03:53.000
"U90","C24",2024-12-01 11:04:17.000
"U46","C3",2024-12-01 14:39:17.000
"U34","C20",2024-12-01 09:54:43.000
"U49","C46",2024-12-01 18:13:17.000
"U78","C15",2024-12-01 19:39:36.000
"U90","C25",2024-12-01 17:58:42.000
"U45","C30",2024-12-01 15:56:17.000
"U27","C14",2024-12-01 02:55:43.000
"U73","C7",2024-12-01 21:46:25.000
"U26","C17",2024-12-01 01:27:04.000
"U47","C44",2024-12-01 15:43:46.000
"U86","C20",2024-12-01 11:44:07.000
"U56","C36",2024-12-01 21:58:49.000
"U94","C9",2024-12-01 09:06:56.000
"U63","C38",2024-12-01 00:56:30.000
"U48","C48",2024-12-01 03:19:30.000
"U61","C22",2024-12-01 08:20:05.000
"U81","C2",2024-12-01 20:56:32.000
"U26","C24",2024-12-01 21:22:35.000
"U36","C8",2024-12-01 00:45:19.000
"U1","C11",2024-12-01 09:48:45.000
"U8","C13",2024-12-01 20:58:49.000
"U99","C17",2024-12-01 01:27:53.000
"U52","C8",2024-12-01 06:22:42.000
"U79","C21",2024-12-01 17:07:49.000
"U47","C18",2024-12-01 18:53:41.000
"U56","C30",2024-12-01 23:43:14.000
"U86","C18",2024-12-01 16:06:03.000
"U14","C46",2024-12-01 10:07:38.000
"U90","C47",2024-12-01 06:36:28.000
"U28","C31",2024-12-01 21:18:40.000
"U87","C38",2024-12-01 15:52:12.000
"U78","C32",2024-12-01 23:06:42.000
"U88","C11",2024-12-01 17:54:11.000
"U2","C45",2024-12-01 03:19:19.000
"U26","C25",2024-12-01 17:06:45.000
"U14","C33",2024-12-01 12:40:07.000
"U59","C38",2024-12-01 14:52:03.000
"U56","C41",2024-12-01 12:08:07.000
"U7","C8",2024-12-01 11:41:21.000
"U3","C11",2024-12-01 03:48:30.000
"U23","C22",2024-12-01 05:51:19.000
"U18","C24",2024-12-01 12:00:28.000
"U38","C41",2024-12-01 14:59:15.000
"U99","C17",2024-12-01 18:02:22.000
"U15","C12",2024-12-01 10:29:37.000
"U64","C46",2024-12-01 14:34:48.000
"U89","C32",2024-12-01 20:01:42.000
"U28","C15",2024-12-01 01:20:09.000
"U74","C16",2024-12-01 16:33:34.000
"U39","C22",2024-12-01 03:12:22.000
"U57","C28",2024-12-01 11:27:04.000
"U17","C20",2024-12-01 09:11:22.000
"U86","C33",2024-12-01 11:46:12.000
"U90","C10",2024-12-01 04:13:14.000
"U44","C40",2024-12-01 14:42:56.000
"U25","C32",2024-12-01 18:44:09.000
"U17","C50",2024-12-01 00:02:30.000
"U13","C33",2024-12-01 23:56:40.000
"U84","C2",2024-12-01 19:45:18.000
"U25","C33",2024-12-01 16:49:12.000
"U68","C33",2024-12-01 15:02:45.000
"U10","C41",2024-12-01 01:58:24.000
"U67","C13",2024-12-01 06:49:46.000
"U18","C30",2024-12-01 18:52:32.000
"U100","C33",2024-12-01 13:10:19.000
"U86","C13",2024-12-01 22:40:09.000
